{
  "expiry_risk": {
    "features_used": [
      "qty_in",
      "qty_sold",
      "qty_remaining",
      "qty_damaged",
      "shelf_life_days",
      "unit_price_ngn",
      "total_revenue_ngn",
      "demand_forecast",
      "holiday_promo",
      "restock_count",
      "sell_through_rate",
      "wastage_rate",
      "weekly_sales_rate",
      "purchase_frequency",
      "total_units_sold_all"
    ],
    "train_size": 51170,
    "test_size": 21930,
    "decision_tree": {
      "accuracy": 0.9524,
      "f1_weighted": 0.9323,
      "report": {
        "Expired": {
          "precision": 0.9550176177183911,
          "recall": 0.9976576318179645,
          "f1-score": 0.9758720658374637,
          "support": 20919.0
        },
        "High": {
          "precision": 0.3,
          "recall": 0.008902077151335312,
          "f1-score": 0.01729106628242075,
          "support": 337.0
        },
        "Low": {
          "precision": 0.0,
          "recall": 0.0,
          "f1-score": 0.0,
          "support": 46.0
        },
        "Medium": {
          "precision": 0.208955223880597,
          "recall": 0.022292993630573247,
          "f1-score": 0.04028776978417266,
          "support": 628.0
        },
        "accuracy": 0.9524395804833561,
        "macro avg": {
          "precision": 0.365993210399747,
          "recall": 0.2572131756499683,
          "f1-score": 0.25836272547601424,
          "support": 21930.0
        },
        "weighted avg": {
          "precision": 0.921584013937439,
          "recall": 0.9524395804833561,
          "f1-score": 0.9323025788424779,
          "support": 21930.0
        }
      }
    },
    "logistic_regression": {
      "accuracy": 0.9539,
      "f1_weighted": 0.9314,
      "report": {
        "Expired": {
          "precision": 0.9538987688098495,
          "recall": 1.0,
          "f1-score": 0.9764055170482392,
          "support": 20919.0
        },
        "High": {
          "precision": 0.0,
          "recall": 0.0,
          "f1-score": 0.0,
          "support": 337.0
        },
        "Low": {
          "precision": 0.0,
          "recall": 0.0,
          "f1-score": 0.0,
          "support": 46.0
        },
        "Medium": {
          "precision": 0.0,
          "recall": 0.0,
          "f1-score": 0.0,
          "support": 628.0
        },
        "accuracy": 0.9538987688098495,
        "macro avg": {
          "precision": 0.23847469220246237,
          "recall": 0.25,
          "f1-score": 0.2441013792620598,
          "support": 21930.0
        },
        "weighted avg": {
          "precision": 0.9099228611369468,
          "recall": 0.9538987688098495,
          "f1-score": 0.93139202057146,
          "support": 21930.0
        }
      }
    },
    "best_model": "Decision Tree",
    "classes": [
      "Expired",
      "High",
      "Low",
      "Medium"
    ]
  },
  "sales_velocity": {
    "features_used": [
      "qty_in",
      "qty_sold",
      "qty_remaining",
      "qty_damaged",
      "shelf_life_days",
      "unit_price_ngn",
      "total_revenue_ngn",
      "demand_forecast",
      "holiday_promo",
      "restock_count",
      "sell_through_rate",
      "wastage_rate",
      "days_to_expiry",
      "shelf_utilisation",
      "purchase_frequency",
      "total_units_sold_all"
    ],
    "train_size": 51170,
    "test_size": 21930,
    "decision_tree": {
      "accuracy": 0.9995,
      "f1_weighted": 0.9995,
      "report": {
        "Fast": {
          "precision": 1.0,
          "recall": 0.9997350291467939,
          "f1-score": 0.9998674970186829,
          "support": 3774.0
        },
        "Moderate": {
          "precision": 0.999806426635695,
          "recall": 0.9982605334364129,
          "f1-score": 0.9990328820116054,
          "support": 5174.0
        },
        "Slow": {
          "precision": 0.9993072126857054,
          "recall": 1.0,
          "f1-score": 0.9996534863127093,
          "support": 12982.0
        },
        "accuracy": 0.9995440036479708,
        "macro avg": {
          "precision": 0.9997045464404669,
          "recall": 0.9993318541944022,
          "f1-score": 0.9995179551143325,
          "support": 21930.0
        },
        "weighted avg": {
          "precision": 0.9995442173506116,
          "recall": 0.9995440036479708,
          "f1-score": 0.9995438953300569,
          "support": 21930.0
        }
      }
    },
    "logistic_regression": {
      "accuracy": 0.9956,
      "f1_weighted": 0.9956,
      "report": {
        "Fast": {
          "precision": 0.9873982672617485,
          "recall": 0.9965553789083201,
          "f1-score": 0.9919556903600159,
          "support": 3774.0
        },
        "Moderate": {
          "precision": 0.9943535825545171,
          "recall": 0.9870506378044066,
          "f1-score": 0.9906886517943743,
          "support": 5174.0
        },
        "Slow": {
          "precision": 0.998536773199846,
          "recall": 0.998767524264366,
          "f1-score": 0.9986521354026263,
          "support": 12982.0
        },
        "accuracy": 0.9956224350205198,
        "macro avg": {
          "precision": 0.9934295410053705,
          "recall": 0.994124513659031,
          "f1-score": 0.9937654925190055,
          "support": 21930.0
        },
        "weighted avg": {
          "precision": 0.9956329633590202,
          "recall": 0.9956224350205198,
          "f1-score": 0.995620879233912,
          "support": 21930.0
        }
      }
    },
    "best_model": "Decision Tree",
    "classes": [
      "Fast",
      "Moderate",
      "Slow"
    ]
  },
  "customer_preference": {
    "features_used": [
      "qty_in",
      "qty_sold",
      "qty_remaining",
      "qty_damaged",
      "shelf_life_days",
      "unit_price_ngn",
      "total_revenue_ngn",
      "demand_forecast",
      "holiday_promo",
      "restock_count",
      "sell_through_rate",
      "wastage_rate",
      "days_to_expiry",
      "shelf_utilisation",
      "weekly_sales_rate"
    ],
    "train_size": 51170,
    "test_size": 21930,
    "decision_tree": {
      "accuracy": 0.8735,
      "f1_weighted": 0.8456,
      "report": {
        "High": {
          "precision": 0.7279279279279279,
          "recall": 0.22234452394056137,
          "f1-score": 0.34064080944350755,
          "support": 1817.0
        },
        "Low": {
          "precision": 0.8828742053554228,
          "recall": 0.9851676698194325,
          "f1-score": 0.9312201564563649,
          "support": 18608.0
        },
        "Medium": {
          "precision": 0.6873977086743044,
          "recall": 0.27906976744186046,
          "f1-score": 0.3969754253308128,
          "support": 1505.0
        },
        "accuracy": 0.8735066119471044,
        "macro avg": {
          "precision": 0.766066613985885,
          "recall": 0.4955273204006181,
          "f1-score": 0.5562787970768951,
          "support": 21930.0
        },
        "weighted avg": {
          "precision": 0.856621149560127,
          "recall": 0.8735066119471044,
          "f1-score": 0.8456241239043214,
          "support": 21930.0
        }
      }
    },
    "logistic_regression": {
      "accuracy": 0.8477,
      "f1_weighted": 0.7786,
      "report": {
        "High": {
          "precision": 0.0,
          "recall": 0.0,
          "f1-score": 0.0,
          "support": 1817.0
        },
        "Low": {
          "precision": 0.8484004928581208,
          "recall": 0.9990864144453998,
          "f1-score": 0.9175982823721033,
          "support": 18608.0
        },
        "Medium": {
          "precision": 0.0,
          "recall": 0.0,
          "f1-score": 0.0,
          "support": 1505.0
        },
        "accuracy": 0.8477428180574555,
        "macro avg": {
          "precision": 0.28280016428604027,
          "recall": 0.33302880481513325,
          "f1-score": 0.3058660941240344,
          "support": 21930.0
        },
        "weighted avg": {
          "precision": 0.7198830994575427,