{
  "expiry_risk": {
    "features_used": [
      "qty_in",
      "qty_sold",
      "qty_remaining",
      "qty_damaged",
      "shelf_life_days",
      "unit_price_ngn",
      "total_revenue_ngn",
      "demand_forecast",
      "holiday_promo",
      "restock_count",
      "sell_through_rate",
      "wastage_rate",
      "weekly_sales_rate",
      "purchase_frequency",
      "total_units_sold_all"
    ],
    "train_size": 7000,
    "test_size": 3000,
    "decision_tree": {
      "accuracy": 0.8657,
      "f1_weighted": 0.8626,
      "report": {
        "Expired": {
          "precision": 0.9142634450506625,
          "recall": 0.9436846339501207,
          "f1-score": 0.9287410926365797,
          "support": 1243.0
        },
        "High": {
          "precision": 0.8211382113821138,
          "recall": 0.9099099099099099,
          "f1-score": 0.8632478632478633,
          "support": 777.0
        },
        "Low": {
          "precision": 0.8457300275482094,
          "recall": 0.6422594142259415,
          "f1-score": 0.7300832342449465,
          "support": 478.0
        },
        "Medium": {
          "precision": 0.8316430020283976,
          "recall": 0.8167330677290837,
          "f1-score": 0.8241206030150754,
          "support": 502.0
        },
        "accuracy": 0.8656666666666667,
        "macro avg": {
          "precision": 0.8531936715023458,
          "recall": 0.8281467564537639,
          "f1-score": 0.8365481982861163,
          "support": 3000.0
        },
        "weighted avg": {
          "precision": 0.8653991975427252,
          "recall": 0.8656666666666667,
          "f1-score": 0.8626190321911702,
          "support": 3000.0
        }
      }
    },
    "logistic_regression": {
      "accuracy": 0.825,
      "f1_weighted": 0.8194,
      "report": {
        "Expired": {
          "precision": 0.9158950617283951,
          "recall": 0.9549477071600966,
          "f1-score": 0.9350137849547067,
          "support": 1243.0
        },
        "High": {
          "precision": 0.8018327605956472,
          "recall": 0.9009009009009009,
          "f1-score": 0.8484848484848486,
          "support": 777.0
        },
        "Low": {
          "precision": 0.6309523809523809,
          "recall": 0.6652719665271967,
          "f1-score": 0.6476578411405295,
          "support": 478.0
        },
        "Medium": {
          "precision": 0.8256880733944955,
          "recall": 0.5378486055776892,
          "f1-score": 0.6513872135102534,
          "support": 502.0
        },
        "accuracy": 0.825,
        "macro avg": {
          "precision": 0.7935920691677296,
          "recall": 0.7647422950414708,
          "f1-score": 0.7706359220225845,
          "support": 3000.0
        },
        "weighted avg": {
          "precision": 0.8258574225501626,
          "recall": 0.825,
          "f1-score": 0.8193572304062494,
          "support": 3000.0
        }
      }
    },
    "best_model": "Decision Tree",
    "classes": [
      "Expired",
      "High",
      "Low",
      "Medium"
    ]
  },
  "sales_velocity": {
    "features_used": [
      "qty_in",
      "qty_sold",
      "qty_remaining",
      "qty_damaged",
      "shelf_life_days",
      "unit_price_ngn",
      "total_revenue_ngn",
      "demand_forecast",
      "holiday_promo",
      "restock_count",
      "sell_through_rate",
      "wastage_rate",
      "days_to_expiry",
      "shelf_utilisation",
      "purchase_frequency",
      "total_units_sold_all"
    ],
    "train_size": 7000,
    "test_size": 3000,
    "decision_tree": {
      "accuracy": 0.9113,
      "f1_weighted": 0.911,
      "report": {
        "Fast": {
          "precision": 0.9196428571428571,
          "recall": 0.8484349258649094,
          "f1-score": 0.882604970008569,
          "support": 607.0
        },
        "Moderate": {
          "precision": 0.906276150627615,
          "recall": 0.9344262295081968,
          "f1-score": 0.9201359388275276,
          "support": 1159.0
        },
        "Slow": {
          "precision": 0.9124497991967871,
          "recall": 0.9205834683954619,
          "f1-score": 0.9164985881403791,
          "support": 1234.0
        },
        "accuracy": 0.9113333333333333,
        "macro avg": {
          "precision": 0.9127896023224197,
          "recall": 0.901148207922856,
          "f1-score": 0.9064131656588253,
          "support": 3000.0
        },
        "weighted avg": {
          "precision": 0.9115201083573183,
          "recall": 0.9113333333333333,
          "f1-score": 0.9110460092205113,
          "support": 3000.0
        }
      }
    },
    "logistic_regression": {
      "accuracy": 0.8393,
      "f1_weighted": 0.8379,
      "report": {
        "Fast": {
          "precision": 0.8940677966101694,
          "recall": 0.6952224052718287,
          "f1-score": 0.7822057460611677,
          "support": 607.0
        },
        "Moderate": {
          "precision": 0.8011272141706924,
          "recall": 0.8584987057808455,
          "f1-score": 0.8288213244481466,
          "support": 1159.0
        },
        "Slow": {
          "precision": 0.8561430793157077,
          "recall": 0.8922204213938412,
          "f1-score": 0.8738095238095238,
          "support": 1234.0
        },
        "accuracy": 0.8393333333333334,
        "macro avg": {
          "precision": 0.8504460300321899,
          "recall": 0.8153138441488385,
          "f1-score": 0.8282788647729461,
          "support": 3000.0
        },
        "weighted avg": {
          "precision": 0.8425620512139294,
          "recall": 0.8393333333333334,
          "f1-score": 0.8378945850918278,
          "support": 3000.0
        }
      }
    },
    "best_model": "Decision Tree",
    "classes": [
      "Fast",
      "Moderate",
      "Slow"
    ]
  },
  "customer_preference": {
    "features_used": [
      "qty_in",
      "qty_sold",
      "qty_remaining",
      "qty_damaged",
      "shelf_life_days",
      "unit_price_ngn",
      "total_revenue_ngn",
      "demand_forecast",
      "holiday_promo",
      "restock_count",
      "sell_through_rate",
      "wastage_rate",
      "days_to_expiry",
      "shelf_utilisation",
      "weekly_sales_rate",
      "purchase_frequency",
      "total_units_sold_all"
    ],
    "train_size": 7000,
    "test_size": 3000,
    "decision_tree": {
      "accuracy": 0.8763,
      "f1_weighted": 0.8761,
      "report": {
        "High": {
          "precision": 0.8774548311076198,
          "recall": 0.9110929853181077,
          "f1-score": 0.8939575830332134,
          "support": 1226.0
        },
        "Low": {
          "precision": 0.8867699642431466,
          "recall": 0.8435374149659864,
          "f1-score": 0.8646135967460779,
          "support": 882.0
        },
        "Medium": {
          "precision": 0.8648648648648649,
          "recall": 0.8609865470852018,
          "f1-score": 0.8629213483146069,
          "support": 892.0
        },
        "accuracy": 0.8763333333333333,
        "macro avg": {
          "precision": 0.8763632200718771,
          "recall": 0.8718723157897653,
          "f1-score": 0.8738308426979661,
          "support": 3000.0
        },
        "weighted avg": {
          "precision": 0.8764500636199523,
          "recall": 0.8763333333333333,
          "f1-score": 0.8761023439417965,
          "support": 3000.0
        }
      }
    },
    "logistic_regression": {
      "accuracy": 0.8507,
      "f1_weighted": 0.8497,
      "report": {
        "High": {
          "precision": 0.8582375478927203,
          "recall": 0.9135399673735726,
          "f1-score": 0.8850256815487949,
          "support": 1226.0
        },
        "Low": {
          "precision": 0.8375,
          "recall": 0.8356009070294784,
          "f1-score": 0.8365493757094211,
          "support": 882.0
        },
        "Medium": {
          "precision": 0.852760736196319,
          "recall": 0.7791479820627802,
          "f1-score": 0.8142940831868775,